order_item_id,order_id,sku,quantity
LINE-001,ORDER-001,SKU-001,1
LINE-002,ORDER-002,SKU-002,1
LINE-003,ORDER-003,SKU-003,1
LINE-004,ORDER-004,SKU-004,1
LINE-005,ORDER-005,SKU-005,1
LINE-006,ORDER-006,SKU-006,1
LINE-007,ORDER-007,SKU-007,1
LINE-008,ORDER-008,SKU-008,1
LINE-009,ORDER-009,SKU-009,1
LINE-010,ORDER-010,SKU-010,1
LINE-011,ORDER-011,SKU-011,1
LINE-012,ORDER-012,SKU-012,1
LINE-013,ORDER-013,SKU-013,1
LINE-014,ORDER-014,SKU-014,1
LINE-015,ORDER-015,SKU-015,1
LINE-016,ORDER-016,SKU-016,1
LINE-017,ORDER-017,SKU-017,1
LINE-018,ORDER-018,SKU-018,1
LINE-019,ORDER-019,SKU-019,1
LINE-020,ORDER-020,SKU-020,1
LINE-021,ORDER-021,SKU-021,1
LINE-022,ORDER-022,SKU-022,1
LINE-023,ORDER-023,SKU-023,1
LINE-024,ORDER-024,SKU-024,1
LINE-025,ORDER-025,SKU-025,1
LINE-026,ORDER-026,SKU-026,1
LINE-027,ORDER-027,SKU-027,1
LINE-028,ORDER-028,SKU-028,1
LINE-029,ORDER-029,SKU-029,1
LINE-030,ORDER-030,SKU-030,1
LINE-031,ORDER-031,SKU-031,1
LINE-032,ORDER-032,SKU-032,1
LINE-033,ORDER-033,SKU-033,1
LINE-034,ORDER-034,SKU-034,1
LINE-035,ORDER-035,SKU-035,1
LINE-036,ORDER-036,SKU-036,1
LINE-037,ORDER-037,SKU-037,1
LINE-038,ORDER-038,SKU-038,1
LINE-039,ORDER-039,SKU-039,1
LINE-040,ORDER-040,SKU-040,1
LINE-041,ORDER-041,SKU-041,1
LINE-042,ORDER-042,SKU-042,1
LINE-043,ORDER-043,SKU-043,1
LINE-044,ORDER-044,SKU-044,1
LINE-045,ORDER-045,SKU-045,1
LINE-046,ORDER-046,SKU-046,1
LINE-047,ORDER-047,SKU-047,1
LINE-048,ORDER-048,SKU-048,1
LINE-049,ORDER-049,SKU-049,1
LINE-050,ORDER-050,SKU-050,1
LINE-051,ORDER-051,SKU-051,1
LINE-052,ORDER-052,SKU-052,1
LINE-053,ORDER-053,SKU-053,1
LINE-054,ORDER-054,SKU-054,1
LINE-055,ORDER-055,SKU-055,1
LINE-056,ORDER-056,SKU-056,1
LINE-057,ORDER-057,SKU-057,1
LINE-058,ORDER-058,SKU-058,1
LINE-059,ORDER-059,SKU-059,1
LINE-060,ORDER-060,SKU-060,1
LINE-061,ORDER-061,SKU-001,1
LINE-062,ORDER-062,SKU-002,1
LINE-063,ORDER-063,SKU-003,1
LINE-064,ORDER-064,SKU-004,1
LINE-065,ORDER-065,SKU-005,1
LINE-066,ORDER-066,SKU-006,1
LINE-067,ORDER-067,SKU-007,1
LINE-068,ORDER-068,SKU-008,1
LINE-069,ORDER-069,SKU-009,1
LINE-070,ORDER-070,SKU-010,1
LINE-071,ORDER-071,SKU-011,1
LINE-072,ORDER-072,SKU-012,1
LINE-073,ORDER-073,SKU-013,1
LINE-074,ORDER-074,SKU-014,1
LINE-075,ORDER-075,SKU-015,1
LINE-076,ORDER-076,SKU-016,1
LINE-077,ORDER-077,SKU-017,1
LINE-078,ORDER-078,SKU-018,1
LINE-079,ORDER-079,SKU-019,1
LINE-080,ORDER-080,SKU-020,1
LINE-081,ORDER-081,SKU-021,1
LINE-082,ORDER-082,SKU-022,1
LINE-083,ORDER-083,SKU-023,1
LINE-084,ORDER-084,SKU-024,1
LINE-085,ORDER-085,SKU-025,1
LINE-086,ORDER-086,SKU-026,1
LINE-087,ORDER-087,SKU-027,1
LINE-088,ORDER-088,SKU-028,1
LINE-089,ORDER-089,SKU-029,1
LINE-090,ORDER-090,SKU-030,1
LINE-091,ORDER-091,SKU-031,1
LINE-092,ORDER-092,SKU-032,1
LINE-093,ORDER-093,SKU-033,1
LINE-094,ORDER-094,SKU-034,1
LINE-095,ORDER-095,SKU-035,1
LINE-096,ORDER-096,SKU-036,1
LINE-097,ORDER-097,SKU-037,1
LINE-098,ORDER-098,SKU-038,1
LINE-099,ORDER-099,SKU-039,1
LINE-100,ORDER-100,SKU-040,1
LINE-101,ORDER-101,SKU-041,1
LINE-102,ORDER-102,SKU-042,1
LINE-103,ORDER-103,SKU-043,1
LINE-104,ORDER-104,SKU-044,1
LINE-105,ORDER-105,SKU-045,1
LINE-106,ORDER-106,SKU-046,1
LINE-107,ORDER-107,SKU-047,1
LINE-108,ORDER-108,SKU-048,1
LINE-109,ORDER-109,SKU-049,1
LINE-110,ORDER-110,SKU-050,1
LINE-111,ORDER-111,SKU-051,1
LINE-112,ORDER-112,SKU-052,1
LINE-113,ORDER-113,SKU-053,1
LINE-114,ORDER-114,SKU-054,1
LINE-115,ORDER-115,SKU-055,1
LINE-116,ORDER-116,SKU-056,1
LINE-117,ORDER-117,SKU-057,1
LINE-118,ORDER-118,SKU-058,1
LINE-119,ORDER-119,SKU-059,1
LINE-120,ORDER-120,SKU-060,1
LINE-121,ORDER-121,SKU-001,1
LINE-122,ORDER-122,SKU-002,1
LINE-123,ORDER-123,SKU-003,1
LINE-124,ORDER-124,SKU-004,1
LINE-125,ORDER-125,SKU-005,1
LINE-126,ORDER-126,SKU-006,1
LINE-127,ORDER-127,SKU-007,1
LINE-128,ORDER-128,SKU-008,1
LINE-129,ORDER-129,SKU-009,1
LINE-130,ORDER-130,SKU-010,1
LINE-131,ORDER-131,SKU-011,1
LINE-132,ORDER-132,SKU-012,1
LINE-133,ORDER-133,SKU-013,1
LINE-134,ORDER-134,SKU-014,1
LINE-135,ORDER-135,SKU-015,1
LINE-136,ORDER-136,SKU-016,1
LINE-137,ORDER-137,SKU-017,1
LINE-138,ORDER-138,SKU-018,1
LINE-139,ORDER-139,SKU-019,1
LINE-140,ORDER-140,SKU-020,1
LINE-141,ORDER-141,SKU-021,1
LINE-142,ORDER-142,SKU-022,1
LINE-143,ORDER-143,SKU-023,1
LINE-144,ORDER-144,SKU-024,1
LINE-145,ORDER-145,SKU-025,1
LINE-146,ORDER-146,SKU-026,1
LINE-147,ORDER-147,SKU-027,1
LINE-148,ORDER-148,SKU-028,1
LINE-149,ORDER-149,SKU-029,1
LINE-150,ORDER-150,SKU-030,1
