order_id,payment_mode,status
ORDER-001,prepaid,delivered
ORDER-002,COD,delivered
ORDER-003,COD,delivered
ORDER-004,prepaid,delivered
ORDER-005,COD,delivered
ORDER-006,COD,delivered
ORDER-007,prepaid,delivered
ORDER-008,COD,delivered
ORDER-009,COD,delivered
ORDER-010,prepaid,delivered
ORDER-011,COD,delivered
ORDER-012,COD,delivered
ORDER-013,prepaid,delivered
ORDER-014,COD,delivered
ORDER-015,COD,delivered
ORDER-016,prepaid,delivered
ORDER-017,COD,delivered
ORDER-018,COD,delivered
ORDER-019,prepaid,delivered
ORDER-020,COD,delivered
ORDER-021,COD,delivered
ORDER-022,prepaid,delivered
ORDER-023,COD,delivered
ORDER-024,COD,delivered
ORDER-025,prepaid,delivered
ORDER-026,COD,delivered
ORDER-027,COD,delivered
ORDER-028,prepaid,delivered
ORDER-029,COD,delivered
ORDER-030,COD,delivered
ORDER-031,prepaid,delivered
ORDER-032,COD,delivered
ORDER-033,COD,delivered
ORDER-034,prepaid,delivered
ORDER-035,COD,delivered
ORDER-036,COD,delivered
ORDER-037,prepaid,delivered
ORDER-038,COD,delivered
ORDER-039,COD,delivered
ORDER-040,prepaid,delivered
ORDER-041,COD,delivered
ORDER-042,COD,delivered
ORDER-043,prepaid,delivered
ORDER-044,COD,delivered
ORDER-045,COD,delivered
ORDER-046,prepaid,delivered
ORDER-047,COD,delivered
ORDER-048,COD,delivered
ORDER-049,prepaid,delivered
ORDER-050,COD,delivered
ORDER-051,COD,delivered
ORDER-052,prepaid,delivered
ORDER-053,COD,delivered
ORDER-054,COD,delivered
ORDER-055,prepaid,delivered
ORDER-056,COD,delivered
ORDER-057,COD,delivered
ORDER-058,prepaid,delivered
ORDER-059,COD,delivered
ORDER-060,COD,delivered
ORDER-061,prepaid,delivered
ORDER-062,COD,delivered
ORDER-063,COD,delivered
ORDER-064,prepaid,delivered
ORDER-065,COD,delivered
ORDER-066,COD,delivered
ORDER-067,prepaid,delivered
ORDER-068,COD,delivered
ORDER-069,COD,delivered
ORDER-070,prepaid,delivered
ORDER-071,COD,delivered
ORDER-072,COD,delivered
ORDER-073,prepaid,delivered
ORDER-074,COD,delivered
ORDER-075,COD,delivered
ORDER-076,prepaid,delivered
ORDER-077,COD,delivered
ORDER-078,COD,delivered
ORDER-079,prepaid,delivered
ORDER-080,COD,delivered
ORDER-081,COD,delivered
ORDER-082,prepaid,delivered
ORDER-083,COD,delivered
ORDER-084,COD,delivered
ORDER-085,prepaid,delivered
ORDER-086,COD,delivered
ORDER-087,COD,delivered
ORDER-088,prepaid,delivered
ORDER-089,COD,delivered
ORDER-090,COD,delivered
ORDER-091,prepaid,delivered
ORDER-092,COD,delivered
ORDER-093,COD,delivered
ORDER-094,prepaid,delivered
ORDER-095,COD,delivered
ORDER-096,COD,delivered
ORDER-097,prepaid,delivered
ORDER-098,COD,delivered
ORDER-099,COD,delivered
ORDER-100,prepaid,delivered
ORDER-101,COD,delivered
ORDER-102,COD,delivered
ORDER-103,prepaid,delivered
ORDER-104,COD,delivered
ORDER-105,COD,delivered
ORDER-106,prepaid,delivered
ORDER-107,COD,delivered
ORDER-108,COD,delivered
ORDER-109,prepaid,delivered
ORDER-110,COD,delivered
ORDER-111,COD,delivered
ORDER-112,prepaid,delivered
ORDER-113,COD,delivered
ORDER-114,COD,delivered
ORDER-115,prepaid,delivered
ORDER-116,COD,delivered
ORDER-117,COD,delivered
ORDER-118,prepaid,delivered
ORDER-119,COD,delivered
ORDER-120,COD,delivered
ORDER-121,prepaid,delivered
ORDER-122,COD,delivered
ORDER-123,COD,delivered
ORDER-124,prepaid,delivered
ORDER-125,COD,delivered
ORDER-126,COD,delivered
ORDER-127,prepaid,delivered
ORDER-128,COD,delivered
ORDER-129,COD,delivered
ORDER-130,prepaid,delivered
ORDER-131,COD,delivered
ORDER-132,COD,delivered
ORDER-133,prepaid,delivered
ORDER-134,COD,delivered
ORDER-135,COD,delivered
ORDER-136,prepaid,delivered
ORDER-137,COD,delivered
ORDER-138,COD,delivered
ORDER-139,prepaid,delivered
ORDER-140,COD,delivered
ORDER-141,COD,delivered
ORDER-142,prepaid,delivered
ORDER-143,COD,delivered
ORDER-144,COD,delivered
ORDER-145,prepaid,delivered
ORDER-146,COD,delivered
ORDER-147,COD,delivered
ORDER-148,prepaid,delivered
ORDER-149,COD,delivered
ORDER-150,COD,delivered
