message_id,expected_primary_reason
MSG-001,fit_too_small
MSG-002,fit_too_small
MSG-003,fit_too_small
MSG-004,fit_too_small
MSG-005,fit_too_large
MSG-006,fit_too_large
MSG-007,fit_too_large
MSG-008,fabric_quality
MSG-009,fabric_quality
MSG-010,fabric_quality
MSG-011,damaged
MSG-012,damaged
MSG-013,damaged
MSG-014,wrong_item
MSG-015,wrong_item
MSG-016,colour_mismatch
MSG-017,colour_mismatch
MSG-018,changed_mind
MSG-019,delivery_issue
MSG-020,not_return
MSG-021,not_return
MSG-022,not_return
MSG-023,damaged
MSG-024,colour_mismatch
MSG-025,fit_too_large
MSG-026,insufficient_information
MSG-027,insufficient_information
MSG-028,insufficient_information
MSG-029,insufficient_information
MSG-030,wrong_item
